USE adlister_db;


# clear all the tables if there is data
# mysql will yell at us over foreign keys, so ignore them for now
SET FOREIGN_KEY_CHECKS = 0;
TRUNCATE TABLE categories;
TRUNCATE TABLE users;
TRUNCATE TABLE ads;

# insert 184 categories
INSERT INTO categories (category) VALUES
       ('activities'),
       ('artists'),
       ('childcare'),
       ('classes'),
       ('events'),
       ('general'),
       ('groups'),
       ('localnews'),
       ('lost+found'),
       ('missedconnections'),
       ('musicians'),
       ('pets'),
       ('politics'),
       ('rants&raves'),
       ('rideshare'),
       ('volunteers'),
       ('automotive'),
       ('beauty'),
       ('cell/mobile'),
       ('computer'),
       ('creative'),
       ('cycle'),
       ('event'),
       ('farm+garden'),
       ('financial'),
       ('household'),
       ('labor/move'),
       ('legal'),
       ('lessons'),
       ('marine'),
       ('pet'),
       ('realestate'),
       ('skilledtrade'),
       ('smbizads'),
       ('travel/vac'),
       ('write/ed/tran'),
       ('android'),
       ('apple'),
       ('arts'),
       ('atheist'),
       ('autos'),
       ('beauty'),
       ('bikes'),
       ('celebs'),
       ('comp'),
       ('cosmos'),
       ('diet'),
       ('divorce'),
       ('dying'),
       ('eco'),
       ('feedbk'),
       ('film'),
       ('fixit'),
       ('food'),
       ('frugal'),
       ('gaming'),
       ('garden'),
       ('haiku'),
       ('help'),
       ('history'),
       ('housing'),
       ('jobs'),
       ('jokes'),
       ('legal'),
       ('linux'),
       ('manners'),
       ('marriage'),
       ('money'),
       ('music'),
       ('open'),
       ('outdoor'),
       ('parent'),
       ('pets'),
       ('philos'),
       ('photo'),
       ('politics'),
       ('psych'),
       ('recover'),
       ('religion'),
       ('rofo'),
       ('science'),
       ('spirit'),
       ('sports'),
       ('super'),
       ('tax'),
       ('travel'),
       ('tv'),
       ('vegan'),
       ('words'),
       ('writing'),
       ('apts/housing'),
       ('housingswap'),
       ('housingwanted'),
       ('office/commercial'),
       ('parking/storage'),
       ('realestateforsale'),
       ('rooms/shared'),
       ('roomswanted'),
       ('sublets/temporary'),
       ('vacationrentals'),
       ('antiques'),
       ('appliances'),
       ('arts+crafts'),
       ('atv/utv/sno'),
       ('autoparts'),
       ('aviation'),
       ('baby+kid'),
       ('barter'),
       ('beauty+hlth'),
       ('bikeparts'),
       ('bikes'),
       ('boatparts'),
       ('boats'),
       ('books'),
       ('business'),
       ('cars+trucks'),
       ('cds/dvd/vhs'),
       ('cellphones'),
       ('clothes+acc'),
       ('collectibles'),
       ('computerparts'),
       ('computers'),
       ('electronics'),
       ('farm+garden'),
       ('free'),
       ('furniture'),
       ('garagesale'),
       ('general'),
       ('heavyequip'),
       ('household'),
       ('jewelry'),
       ('materials'),
       ('motorcycleparts'),
       ('motorcycles'),
       ('musicinstr'),
       ('photo+video'),
       ('rvs+camp'),
       ('sporting'),
       ('tickets'),
       ('tools'),
       ('toys+games'),
       ('trailers'),
       ('videogaming'),
       ('wanted'),
       ('wheels+tires'),
       ('accounting+finance'),
       ('admin/office'),
       ('arch/engineering'),
       ('art/media/design'),
       ('biotech/science'),
       ('business/mgmt'),
       ('customerservice'),
       ('education'),
       ('etc/misc'),
       ('food/bev/hosp'),
       ('generallabor'),
       ('government'),
       ('humanresources'),
       ('legal/paralegal'),
       ('manufacturing'),
       ('marketing/pr/ad'),
       ('medical/health'),
       ('nonprofitsector'),
       ('realestate'),
       ('retail/wholesale'),
       ('sales/bizdev'),
       ('salon/spa/fitness'),
       ('security'),
       ('skilledtrade/craft'),
       ('software/qa/dba'),
       ('systems/network'),
       ('technicalsupport'),
       ('transport'),
       ('tv/film/video'),
       ('web/infodesign'),
       ('writing/editing'),
       ('computer'),
       ('creative'),
       ('crew'),
       ('domestic'),
       ('event'),
       ('labor'),
       ('talent'),
       ('writing');

# Insert a few users
INSERT INTO users (username, email, password)
  VALUES ('Marcus Lycus', 'marcuslicus@lorem.com', '$2a$10$Xb8.QOh8AWXVA3M66vUBJOoRoWAXvMdYEZC20p0AM7/3dde/usU6m'),
         ('Grumio', 'grumio@lorem.com', '$2a$10$Xb8.QOh8AWXVA3M66vUBJOoRoWAXvMdYEZC20p0AM7/3dde/usU6m'),
         ('Miles Gloriosus', 'legatus@lorem.com', '$2a$10$Xb8.QOh8AWXVA3M66vUBJOoRoWAXvMdYEZC20p0AM7/3dde/usU6m'),
         ('Senex', 'senex@lorem.com', '$2a$10$Xb8.QOh8AWXVA3M66vUBJOoRoWAXvMdYEZC20p0AM7/3dde/usU6m'),
         ('Pseudolus', 'pseudolus@lorem.com', '$2a$10$Xb8.QOh8AWXVA3M66vUBJOoRoWAXvMdYEZC20p0AM7/3dde/usU6m'),
         ('Hero', 'hero@lorem.com', '$2a$10$Xb8.QOh8AWXVA3M66vUBJOoRoWAXvMdYEZC20p0AM7/3dde/usU6m'),
         ('Philia','philia@lorem.com', '$2a$10$Xb8.QOh8AWXVA3M66vUBJOoRoWAXvMdYEZC20p0AM7/3dde/usU6m'),
         ('Hysterium','hysterium@lorem.com', '$2a$10$Xb8.QOh8AWXVA3M66vUBJOoRoWAXvMdYEZC20p0AM7/3dde/usU6m'),
         ('Domina','hysterium@lorem.com', '$2a$10$Xb8.QOh8AWXVA3M66vUBJOoRoWAXvMdYEZC20p0AM7/3dde/usU6m'),
         ('Erronius','erronius@lorem.com', '$2a$10$Xb8.QOh8AWXVA3M66vUBJOoRoWAXvMdYEZC20p0AM7/3dde/usU6m'),
         ('Gymnasia','gymnasia@lorem.com', '$2a$10$Xb8.QOh8AWXVA3M66vUBJOoRoWAXvMdYEZC20p0AM7/3dde/usU6m'),
         ('Tintinabula','tintinabula@lorem.com', '$2a$10$Xb8.QOh8AWXVA3M66vUBJOoRoWAXvMdYEZC20p0AM7/3dde/usU6m'),
         ('Vibrata','vibrata@lorem.com', '$2a$10$Xb8.QOh8AWXVA3M66vUBJOoRoWAXvMdYEZC20p0AM7/3dde/usU6m'),
         ('Geminae','geminae@lorem.com', '$2a$10$Xb8.QOh8AWXVA3M66vUBJOoRoWAXvMdYEZC20p0AM7/3dde/usU6m'),
         ('Panacea','panacea@lorem.com', '$2a$10$Xb8.QOh8AWXVA3M66vUBJOoRoWAXvMdYEZC20p0AM7/3dde/usU6m'),
         ('Proteans','proteans@lorem.com', '$2a$10$Xb8.QOh8AWXVA3M66vUBJOoRoWAXvMdYEZC20p0AM7/3dde/usU6m');

# Asign some advertisements to the users
INSERT INTO ads (user_id, title, description, view_count) VALUES
('0', 'Lorem ipsum dolor', 'Lorem ipsum dolor sit amet, consectetur adipiscing elit. Nam in pharetra urna, nec tincidunt justo.', '0'),
('1', 'Lorem ipsum dolor sit.', 'Lorem ipsum dolor sit amet, consectetur adipiscing elit. Quisque elit felis, finibus a nibh a, sagittis gravida enim. Vestibulum ante.', '0'),
('2', 'Lorem ipsum dolor sit amet.', 'Lorem ipsum dolor sit amet, consectetur adipiscing elit. Sed facilisis neque magna, in rhoncus elit porta eu. Sed.', '0'),
('3', 'Maecenas mattis euismod purus.', 'Lorem ipsum dolor sit amet, consectetur adipiscing elit. Integer turpis enim, convallis et augue ut, pellentesque lobortis.', '0');

# Assign categories to the advertisements
INSERT INTO ad_categories (ad_id, category_id)
VALUES ('0', '2'),
       ('0', '3'),
       ('1', '5'),
       ('1', '7'),
       ('1', '11'),
       ('2', '13'),
       ('2', '17'),
       ('2', '19'),
       ('2', '23'),
       ('3', '29'),
       ('3', '31'),
       ('3', '37'),
       ('3', '43');

# stop ignoring foreign keys
SET FOREIGN_KEY_CHECKS = 1;